,,Deospray,Rasur,Raumspray,Zähneputzen
gasres_step0,count,232.0,183.0,206.0,145.0
gasres_step0,mean,21642130.98352471,27444001.062905546,43074030.06701305,67323508.33119611
gasres_step0,std,26778884.374440316,30590210.41117204,60967271.97240835,151500525.83419633
gasres_step0,min,41862.048828,138968.644531,82426.042968,174203.117188
gasres_step0,25%,360473.25390625,261704.953125,323938.59375,5539725.25
gasres_step0,50%,11846254.25,16874930.0,31334049.5,53231024.0
gasres_step0,75%,29575363.0,45206922.0,52663738.5,102400000.0
gasres_step0,max,120628295.765625,108836538.296875,725992034.0,1772659000.0
gasres_step1,count,232.0,183.0,206.0,145.0
gasres_step1,mean,3074168.8037761766,5341415.4473856995,4883083.215795349,5745280.30871162
gasres_step1,std,16749164.849207137,17801044.966879558,18019455.85061876,24146393.654900465
gasres_step1,min,8616.552246,5684.846191,5684.846191,8378.456543
gasres_step1,25%,71568.342774,80922.478516,107204.20605425,129001.53125
gasres_step1,50%,98095.425781,119368.953125,149749.261719,162491.0625
gasres_step1,75%,134815.3876955,139119.296875,174408.363281,193481.0625
gasres_step1,max,140221375.0,74318851.203125,99987065.601562,202284125.0
gasres_step2,count,232.0,183.0,206.0,145.0
gasres_step2,mean,44190191.63863817,240061366.68900487,169536534.8866998,138827967.73968884
gasres_step2,std,175834578.65663594,436169003.79621994,383982833.1887865,382054102.6717957
gasres_step2,min,19050.439453,26717.029297,9398.277343,32281.768555
gasres_step2,25%,114678.2226565,171504.6757815,204038.1796875,240900.546875
gasres_step2,50%,220349.875,493758.1875,712578.5625,494483.203125
gasres_step2,75%,623481.35546875,422126492.0625,2764140.34375,3968956.125
gasres_step2,max,1248717250.0,1796648125.0,1751065500.0,1940452625.0
gasres_step3,count,232.0,183.0,206.0,145.0
gasres_step3,mean,49380125.22790741,179980130.16033235,122270078.20984007,89614899.744575
gasres_step3,std,214958095.92019695,413764201.44605225,359970251.1112011,341937839.11845076
gasres_step3,min,11609.90625,6432.181884,5684.846191,9770.584961
gasres_step3,25%,79821.870117,101387.0058595,123410.925782,134095.472656
gasres_step3,50%,105687.6425775,117487.316406,135829.111328,150926.476562
gasres_step3,75%,654659.9609375,1492887.25,1823426.625,2259209.125
gasres_step3,max,1375559750.0,1656607875.0,1832873875.0,2029247500.0
gasres_step4,count,232.0,183.0,206.0,145.0
gasres_step4,mean,44861007.668006636,67064300.21604443,110483368.1624507,201774800.44246364
gasres_step4,std,173196566.07675415,128269630.70308144,226370019.38248843,342162304.5239973
gasres_step4,min,29732.924804,16768.347656,11506.708008,25179.390625
gasres_step4,25%,185186.46289075,274913.0625,337858.9921875,375572.890625
gasres_step4,50%,288945.46875,423034.375,518031.3515625,673680.5
gasres_step4,75%,415615.24609375,48648207.886719,159680025.0234375,295725802.96875
gasres_step4,max,1593762750.0,683591625.0,1184362500.0,1481983750.0
gasres_step5,count,232.0,183.0,206.0,145.0
gasres_step5,mean,19547381.60583074,35494806.22924139,52744673.792945035,135471795.66163793
gasres_step5,std,86098773.8705011,82992713.79850625,137164802.14738187,265155358.16663042
gasres_step5,min,23185.719726,46688.832031,25271.069336,64112.095703
gasres_step5,25%,94113.37011675,248233.996094,317880.59765625,406381.265625
gasres_step5,50%,191472.9648435,334862.578125,397011.71875,496449.5625
gasres_step5,75%,280017.22265625,500317.046875,802972.9375,199113543.75
gasres_step5,max,659515861.5,492757875.0,823844375.0,1269363875.0
gasres_step6,count,232.0,183.0,206.0,145.0
gasres_step6,mean,13386117.050166728,24184388.21631126,23151576.19352529,64031617.90289599
gasres_step6,std,76865380.78087465,72538064.18080916,83640731.07134141,179029841.24619615
gasres_step6,min,21378.184571,17607.725586,11059.798828,32566.544922
gasres_step6,25%,79500.02636775,122158.921875,154752.55078125,165774.875
gasres_step6,50%,112740.3945315,231834.234375,313842.5,347486.640625
gasres_step6,75%,204029.38476525,480298.21875,526628.87890625,937923.84375
gasres_step6,max,825613560.75,313490875.0,703900125.0,1253457625.0
gasres_step7,count,232.0,183.0,206.0,145.0
gasres_step7,mean,38199315.74021122,160534568.60284588,98697302.9565489,15698550.59242318
gasres_step7,std,166085018.0944278,379454082.9541069,336844704.5579456,80725089.85935625
gasres_step7,min,25845.724609,11545.975586,8627.855713,18688.115235
gasres_step7,25%,97242.916015,110312.576172,122854.129883,138446.546875
gasres_step7,50%,145831.929688,178142.765625,315062.078125,298283.421875
gasres_step7,75%,231305.042969,1979835.5,2829282.40625,3825884.0
gasres_step7,max,1271051750.0,1796499625.0,1858305625.0,903694879.625
gasres_step8,count,232.0,183.0,206.0,145.0
gasres_step8,mean,7741872.8688627845,22544510.700606223,18164238.424842626,36145165.32774783
gasres_step8,std,29725707.474612013,52001719.04519617,49769084.6431473,67293657.90571243
gasres_step8,min,52085.291015,74093.324218,69496.396485,114069.0
gasres_step8,25%,151281.4101565,230978.414062,272897.87109375,306904.375
gasres_step8,50%,226111.3515625,291431.5,368177.8359375,407973.671875
gasres_step8,75%,1204008.3359375,9334009.75,11581824.625,34023034.0
gasres_step8,max,206790251.984375,296086625.0,403116125.0,403727125.0
gasres_step9,count,232.0,183.0,206.0,145.0
gasres_step9,mean,32293047.849230573,106782122.53361936,151315818.25908297,74242927.35878232
gasres_step9,std,167880084.21021882,259594359.0077616,358955629.29362404,175990642.28254077
gasres_step9,min,57531.408204,122041.050782,116759.292968,191781.1875
gasres_step9,25%,148019.3281245,248831.8476565,305258.94921875,331790.015625
gasres_step9,50%,204275.5078125,301585.5625,411121.75,429855.828125
gasres_step9,75%,281048.640625,967612.53125,143295485.3828125,4769943.0
gasres_step9,max,1556489125.0,1466152375.0,1964374625.0,838187208.25
