vector_id,label,session,category,heater_profile_id,cycle_id_a,cycle_id_b,n_imputed,gasres_step0,gasres_step1,gasres_step2,gasres_step3,gasres_step4,gasres_step5,gasres_step6,gasres_step7,gasres_step8,gasres_step9
BME688_2026-06-08_12-09-49_gtxhsq429d6t7qkt_HP_Exp_3_Deo_sprühen___L2__56,Deospray,BME688_2026-06-08_12-09-49_gtxhsq429d6t7qkt_HP_Exp_3_Deo_sprühen_,unsplit,heater_413,1,1,0,102042512.000000,178266.765625,2702508.125000,151426.195312,674780.000000,374897.234375,285355.312500,71402795.218750,297466.734375,318255.265625
BME688_2026-06-08_12-09-49_gtxhsq429d6t7qkt_HP_Exp_3_Deo_sprühen___L2__57,Deospray,BME688_2026-06-08_12-09-49_gtxhsq429d6t7qkt_HP_Exp_3_Deo_sprühen_,unsplit,heater_413,2,2,0,102400000.000000,63151.693359,148869.292968,59072.714843,141862.128907,62819.568359,58421.271485,77848.062500,154118.031250,143334.226562
BME688_2026-06-08_12-09-49_gtxhsq429d6t7qkt_HP_Exp_3_Deo_sprühen___L2__58,Deospray,BME688_2026-06-08_12-09-49_gtxhsq429d6t7qkt_HP_Exp_3_Deo_sprühen_,unsplit,heater_413,3,3,0,31720378.000000,46412.419922,94666.214844,36174.568360,66674.410157,23185.719726,21762.705078,37172.613282,52085.291015,57531.408204
BME688_2026-06-08_12-09-49_gtxhsq429d6t7qkt_HP_Exp_3_Deo_sprühen___L2__59,Deospray,BME688_2026-06-08_12-09-49_gtxhsq429d6t7qkt_HP_Exp_3_Deo_sprühen_,unsplit,heater_413,4,4,0,6828235.750000,64014.740235,219886.210938,68380.781250,176642.609375,61805.052735,51686.332032,66965.792969,99096.929688,98196.671875
BME688_2026-06-08_12-09-49_gtxhsq429d6t7qkt_HP_Exp_3_Deo_sprühen___L2__60,Deospray,BME688_2026-06-08_12-09-49_gtxhsq429d6t7qkt_HP_Exp_3_Deo_sprühen_,unsplit,heater_413,5,5,0,16731914.000000,73557.156250,259989.554688,33570582.156250,182222.601562,62840.437500,52282.837891,67765.359375,105372.531250,115106.195313
BME688_2026-06-08_12-09-49_gtxhsq429d6t7qkt_HP_Exp_3_Deo_sprühen___L2__61,Deospray,BME688_2026-06-08_12-09-49_gtxhsq429d6t7qkt_HP_Exp_3_Deo_sprühen_,unsplit,heater_413,6,6,0,22755752.500000,85732.296875,362306.500000,77560.171875,215784.093750,74326.921875,60641.697265,73311.066406,115016.417968,117956.417968
BME688_2026-06-08_12-09-49_gtxhsq429d6t7qkt_HP_Exp_3_Deo_sprühen___L2__62,Deospray,BME688_2026-06-08_12-09-49_gtxhsq429d6t7qkt_HP_Exp_3_Deo_sprühen_,unsplit,heater_413,7,7,0,23422911.000000,86059.410156,362686.515625,78100.066407,221777.250000,76801.609375,61481.458985,73404.617187,118150.464843,119807.300781
BME688_2026-06-08_12-09-49_gtxhsq429d6t7qkt_HP_Exp_3_Deo_sprühen___L2__63,Deospray,BME688_2026-06-08_12-09-49_gtxhsq429d6t7qkt_HP_Exp_3_Deo_sprühen_,unsplit,heater_413,8,8,0,25321707.000000,85399.933593,362081.203125,77654.878907,220297.828125,76325.976562,61597.990235,72957.671875,118690.996093,120085.597657
BME688_2026-06-08_12-09-49_gtxhsq429d6t7qkt_HP_Exp_3_Deo_sprühen___L2__64,Deospray,BME688_2026-06-08_12-09-49_gtxhsq429d6t7qkt_HP_Exp_3_Deo_sprühen_,unsplit,heater_413,9,9,0,24563477.000000,84286.105468,359439.031250,76971.675782,218857.679688,40086395.171875,61358.712890,72507.855469,61700342.882812,119926.699218
BME688_2026-06-08_12-09-49_gtxhsq429d6t7qkt_HP_Exp_3_Deo_sprühen___L2__65,Deospray,BME688_2026-06-08_12-09-49_gtxhsq429d6t7qkt_HP_Exp_3_Deo_sprühen_,unsplit,heater_413,10,10,0,24328579.000000,83819.371093,359741.984375,76370.523438,217914.226562,76588.890625,60428.863282,70999.089843,116483.066407,117901.566407
BME688_2026-06-08_12-09-49_gtxhsq429d6t7qkt_HP_Exp_3_Deo_sprühen___L2__66,Deospray,BME688_2026-06-08_12-09-49_gtxhsq429d6t7qkt_HP_Exp_3_Deo_sprühen_,unsplit,heater_413,11,11,0,24278367.000000,82140.429688,200178800.484375,73374.906250,205501.289062,73626.375000,59291.273438,70513.945312,117362.960938,117797.746094
BME688_2026-06-08_12-09-49_gtxhsq429d6t7qkt_HP_Exp_3_Deo_sprühen___L2__67,Deospray,BME688_2026-06-08_12-09-49_gtxhsq429d6t7qkt_HP_Exp_3_Deo_sprühen_,unsplit,heater_413,12,12,0,23562013.000000,82946.109375,210412764.906250,75175.039063,213588.117188,74842.238281,58724.603515,69157.148437,111660.523438,112043.132813
BME688_2026-06-08_12-09-49_gtxhsq429d6t7qkt_HP_Exp_3_Deo_sprühen___L2__68,Deospray,BME688_2026-06-08_12-09-49_gtxhsq429d6t7qkt_HP_Exp_3_Deo_sprühen_,unsplit,heater_413,13,13,0,21764868.000000,77857.640625,309882.765625,71522.324219,197045.875000,70068.578125,56357.771485,67969.421875,111989.128906,112917.488281
BME688_2026-06-08_12-09-49_gtxhsq429d6t7qkt_HP_Exp_3_Deo_sprühen___L2__69,Deospray,BME688_2026-06-08_12-09-49_gtxhsq429d6t7qkt_HP_Exp_3_Deo_sprühen_,unsplit,heater_413,14,14,0,21585192.500000,79358.960938,330954.484375,72552.976563,203239.398438,73134.058593,59129.115234,69512.292968,115750.902343,115913.191407
BME688_2026-06-08_12-09-49_gtxhsq429d6t7qkt_HP_Exp_3_Deo_sprühen___L2__70,Deospray,BME688_2026-06-08_12-09-49_gtxhsq429d6t7qkt_HP_Exp_3_Deo_sprühen_,unsplit,heater_413,15,15,0,23192738.000000,80557.320312,140167343.875000,73166.687500,206984.890625,73574.347657,59768.060547,69724.660156,117184.410157,60052417.117188
BME688_2026-06-08_12-09-49_gtxhsq429d6t7qkt_HP_Exp_3_Deo_sprühen___L2__71,Deospray,BME688_2026-06-08_12-09-49_gtxhsq429d6t7qkt_HP_Exp_3_Deo_sprühen_,unsplit,heater_413,16,16,0,23559750.000000,80900.980468,349925.203125,35495180.425781,98066011.703125,75759.218750,61238.681641,70342.250000,118437.007812,118296.933593
BME688_2026-06-08_12-09-49_gtxhsq429d6t7qkt_HP_Exp_3_Deo_sprühen___L2__72,Deospray,BME688_2026-06-08_12-09-49_gtxhsq429d6t7qkt_HP_Exp_3_Deo_sprühen_,unsplit,heater_413,17,17,0,23798986.000000,79602.878907,329746.625000,71246.359375,197018.078125,70260.820312,56528.316407,67035.718750,108874.628906,108659.378907
BME688_2026-06-08_12-09-49_gtxhsq429d6t7qkt_HP_Exp_3_Deo_sprühen___L2__73,Deospray,BME688_2026-06-08_12-09-49_gtxhsq429d6t7qkt_HP_Exp_3_Deo_sprühen_,unsplit,heater_413,18,18,0,20587766.000000,75423.753907,174929331.671875,68454.847656,186101.734375,67222.724610,53953.707032,65091.361329,106041.507812,106397.289063
BME688_2026-06-08_12-09-49_gtxhsq429d6t7qkt_HP_Exp_3_Deo_sprühen___L2__74,Deospray,BME688_2026-06-08_12-09-49_gtxhsq429d6t7qkt_HP_Exp_3_Deo_sprühen_,unsplit,heater_413,19,19,0,19649707.500000,74440.660156,286247.117188,66327.517579,175613.640625,62764.089844,50858.546875,62458.566407,99006.871094,97743.277344
